{
  "historical": {
    "var_95": 0.03829139550684527,
    "var_99": 0.07490464603430874
  },
  "variance_covariance": {
    "var_95": 0.042581436329383014,
    "var_99": 0.061032169777274166
  }
}