{
  "historical": {
    "var_95": 0.04265878586213407,
    "var_99": 0.06707345598790042
  },
  "variance_covariance": {
    "var_95": 0.04300019982491508,
    "var_99": 0.061687240903199526
  }
}